Arthur Santis,BKS:CCCEXP:CCCEXP_40_ExpresC_MN.CCCEXP_Cache_E_LN
Arthur Santis,BKS:CCCAAC:CCCAAC_40_ADCart_MP.CCCAAC_AdcartE_LP
Arthur Santis,BKS:PCCCWR:PCCCWR_40_Wrappe_MN.PCCCWR_Wrappern_LN
Arthur Santis,BKS:CCCATI:CCCATI_40_TICart_MP.CCCATI_TicartE_LP
Arthur Santis,BKS:CCCAPG:CCCAPG_40_PGlobS_MN.CCCAPG_Params_LN
Arthur Santis,BKS:CCCAPA:CCCAPA_40_ParceC_MN.CCCAPA_ParcelLic_LN
Arthur Santis,BKS:CCCAPA:CCCAPA_40_ParceE_MN.CCCAPA_Parcel_EG_LN
Arthur Santis,BKS:CCCAFE:CCCAFE_40_FEspecE_MP.CCCAFE_FespecE_LP_CS
Arthur Santis,BKS:CCCAAP:CCCAAP_40_ACPlas_MP.CCCAAP_AcplasE_LP
Arthur Santis,BKS:PCCTAN:PCCTAN_40_TDevoN_MN.PCCTAN_Tdevoln_LN
Arthur Santis,BKS:PCCSMC:PCCSMC_40_SimCanPAR_MN.PCCSMC_Params_E_LN
Arthur Santis,BKS:CICBRA:CICBRA_40_LNIntr_MN.CICBRA_LNIntr_LN
Arthur Santis,BKS:CCCPCS:CCCPCS_40_SaldeV_MN.CCCPCS_Cache_A_LN
Arthur Santis,BKS:CCCEXP:CCCEXP_40_ExpresP_MP.CCCEXP_OperativaPres_E_LP_CS
Arthur Santis,BKS:CCCAPR:CCCAPR_40_PRecoS_MN.CCCAPR_Params_LN
Arthur Santis,BKS:CCCAPN:CCCAPN_40_PNFatS_MN.CCCAPN_Params_LN
Arthur Santis,BKS:CCCAPG:CCCAPG_40_Global_MP.CCCAPG_PosicaoGlobal_E_LP
Arthur Santis,BKS:CCCAFA:CCCAFA_40_FaturP_MN.CCCAFA_FaturaPIM_LN
Arthur Santis,BKS:CCCAFA:CCCAFA_40_FaturL_MN.CCCAFA_FaturaLic_LN_CS
Arthur Santis,BKS:CCCAFA:CCCAFA_40_Fatura_MP.CCCAFA_FaturaE_LP
Arthur Santis,BKS:CCCAEX:CCCAEX_40_ExpreE_MN.CCCAEX_ExpresEG_LN
Arthur Santis,BKS:CCCADT:CCCADT_40_DCCarS_MN.CCCADT_Params_LN
Arthur Santis,BKS:CCCADC:CCCADC_40_CDebiS_MN.CCCADC_Params_LN
Arthur Santis,BKS:CCCAAP:CCCAAP_40_ACPlaP_MN.CCCAAP_Params_LN
Arthur Santis,BKS:CCCAAC:CCCAAC_40_ADCarL_MN.CCCAAC_Params_LN
Arthur Santis,BKS:CCCADC:CCCADC_40_CDebiA_MN.CCCADC_CacheA_LN
Arthur Santis,BKS:PCCTAN:PCCTAN_40_TDevoS_MN.PCCTAN_Params_LN
Arthur Santis,BKS:CCCPCS:CCCPCS_40_Saldev_MP.CCCPCS_SaldevPres_E_LP
Arthur Santis,BKS:CCCAPN:CCCAPN_40_PNFatu_MP.CCCAPN_PnfatuE_LP
Arthur Santis,BKS:CCCAPN:CCCAPN_40_PNFatE_MN.CCCAPN_PnfaturEg_LN
Arthur Santis,BKS:CCCAPA:CCCAPA_40_Parcel_MP.CCCAPA_ParcelE_LP
Arthur Santis,BKS:CCCADT:CCCADT_40_DCCarL_MN.CCCADT_DccartLic_LN
Arthur Santis,BKS:PCCTAN:PCCTAN_40_TDevoC_MN.PCCTAN_Cache_LN
Arthur Santis,BKS:PCCSMC:PCCSMC_40_SimCanC_MN.PCCSMC_Cache_E_LN
Arthur Santis,BKS:PCCCWR:PCCCWR_40_Wrappe_MP.PCCCWR_Wrapperp_LP
Arthur Santis,BKS:CICBRA:CICBRA_40_Opintr_MP.CICBRA_Opintr_LP
Arthur Santis,BKS:CCCEXP:CCCEXP_40_ExpresLIC_MN.CCCEXP_OperativaLic_E_LN
Arthur Santis,BKS:CCCATI:CCCATI_40_TICarL_MN.CCCATI_TicartLic_LN_CS
Arthur Santis,BKS:CCCAPR:CCCAPR_40_PRecom_MP.CCCAPR_PrecomE_LP
Arthur Santis,BKS:CCCAPN:CCCAPN_40_PNFatA_MN.CCCAPN_CacheA_LN
Arthur Santis,BKS:CCCAPG:CCCAPG_40_GlobaP_MN.CCCAPG_PosicaoGlobal_LIC_LN
Arthur Santis,BKS:CCCAFA:CCCAFA_40_FaturF_MN.CCCAFA_CacheALn_LN
Arthur Santis,BKS:CCCAFA:CCCAFA_40_FaturS_MN.CCCAFA_FaturaSQL_LN
Arthur Santis,BKS:CCCAEX:CCCAEX_40_Expres_MP.CCCAEX_ExpresE_LP
Arthur Santis,BKS:CCCAEX:CCCAEX_40_ExpreC_MN.CCCAEX_ExpresLic_LN
Arthur Santis,BKS:CCCADT:CCCADT_40_DCCarA_MN.CCCADT_CacheALn_LN
Arthur Santis,BKS:CCCADC:CCCADC_40_CDebit_MP.CCCADC_CdebitE_LP
Arthur Santis,BKS:CCCAAP:CCCAAP_40_ACPlaA_MN.CCCAAP_CacheA_LN
Arthur Santis,BKS:CCCAAC:CCCAAC_40_ADCarN_MN.CCCAAC_AdcartLic_LN
Arthur Santis,BKS:CCCAAP:CCCAAP_40_ACPlaG_MN.CCCAAP_AcplasEG_LN
Arthur Santis,BKS:PCCSMC:PCCSMC_40_SimCanLIC_MN.PCCSMC_OperatLic_E_LN
Arthur Santis,BKS:CCCPCS:CCCPCS_40_SaldeL_MN.CCCPCS_Saldev_LIC_LN
Arthur Santis,BKS:CCCAPN:CCCAPN_40_PNFatL_MN.CCCAPN_PnfaturLic_LN
Arthur Santis,BKS:CCCAPG:CCCAPG_40_PGloba_MP.CCCAPG_PglobaE_LP
Arthur Santis,BKS:CCCAPA:CCCAPA_40_ParceS_MN.CCCAPA_Params_LN
Arthur Santis,BKS:CCCADC:CCCADC_40_CDebiC_MN.CCCADC_CdebitLic_LN
Arthur Santis,BKS:CCCAFE:CCCAFE_40_FEspeS_MN.CCCAFE_Params_LN_CS
Arthur Santis,BKS:PCCTAN:PCCTAN_40_TDevol_MP.PCCTAN_Tdevolp_LP
Arthur Santis,BKS:PCCSMC:PCCSMC_40_SimCanLP_MP.PCCSMC_OperativaPres_E_LP
Arthur Santis,BKS:CICBRA:CICBRA_40_PAR_MN.CICBRA_Params_LN
Arthur Santis,BKS:CCCPCS:CCCPCS_40_SaldeS_MN.CCCPCS_Params_E_LN
Arthur Santis,BKS:CCCEXP:CCCEXP_40_ExpresPAR_MN.CCCEXP_Param_E_LN
Arthur Santis,BKS:CCCATI:CCCATI_40_TICarS_MN.CCCATI_Params_LN
Arthur Santis,BKS:CCCAPR:CCCAPR_40_PRecoL_MN.CCCAPR_PrecomLic_LN
Arthur Santis,BKS:CCCAPN:CCCAPN_40_PNFatE_MN.CCCAPN_PnfaturEg_LN
Arthur Santis,BKS:CCCAPG:CCCAPG_40_GlobaP_MN.CCCAPG_PosicaoGlobal_LIC_LN
Arthur Santis,BKS:CCCAFE:CCCAFE_40_FEspeL_MN.CCCAFE_FespecLic_LN
Arthur Santis,BKS:CCCAFA:CCCAFA_40_FaturL_MN.CCCAFA_FaturaLic_LN
Arthur Santis,BKS:CCCAFA:CCCAFA_40_FaturN_MN.CCCAFA_Params_LN
Arthur Santis,BKS:CCCAEX:CCCAEX_40_ExpreA_MN.CCCAEX_CacheALn_LN
Arthur Santis,BKS:CCCAEX:CCCAEX_40_ExpreP_MN.CCCAEX_Params_LN
Arthur Santis,BKS:CCCADT:CCCADT_40_DCCart_MP.CCCADT_DccartE_LP_CS
Arthur Santis,BKS:CCCAAP:CCCAAP_40_ACPlaC_MN.CCCAAP_AcplasLic_LN_CS
Arthur Santis,BKS:CCCAAC:CCCAAC_40_ADCarE_MN.CCCAAC_AdcartEg_LN